date,inflation_rate
2010-01-01,2.0
2010-02-01,1.661
2010-03-01,2.278
2010-04-01,1.312
2010-05-01,1.071
2010-06-01,1.205
2010-07-01,1.948
2010-08-01,1.239
2010-09-01,1.942
2010-10-01,1.657
2010-11-01,2.018
2010-12-01,2.615
2011-01-01,3.39
2011-02-01,2.265
2011-03-01,1.559
2011-04-01,2.139
2011-05-01,2.387
2011-06-01,1.387
2011-07-01,1.403
2011-08-01,1.807
2011-09-01,3.193
2011-10-01,3.664
2011-11-01,2.302
2011-12-01,2.145
2012-01-01,2.238
2012-02-01,0.566
2012-03-01,1.79
2012-04-01,1.619
2012-05-01,2.341
2012-06-01,1.137
2012-07-01,1.624
2012-08-01,2.315
2012-09-01,2.449
2012-10-01,2.556
2012-11-01,1.472
2012-12-01,1.1
2013-01-01,0.577
2013-02-01,0.249
2013-03-01,1.699
2013-04-01,1.528
2013-05-01,2.236
2013-06-01,3.727
2013-07-01,2.665
2013-08-01,2.42
2013-09-01,1.572
2013-10-01,1.846
2013-11-01,2.327
2013-12-01,2.235
2014-01-01,2.114
2014-02-01,1.698
2014-03-01,1.969
2014-04-01,1.387
2014-05-01,1.761
2014-06-01,0.837
2014-07-01,1.297
2014-08-01,1.619
2014-09-01,1.477
2014-10-01,0.717
2014-11-01,1.556
2014-12-01,2.606
2015-01-01,2.234
2015-02-01,1.235
2015-03-01,2.644
2015-04-01,2.859
2015-05-01,2.376
2015-06-01,2.605
2015-07-01,2.695
2015-08-01,2.492
2015-09-01,2.52
2015-10-01,2.041
2015-11-01,2.259
2015-12-01,2.352
2016-01-01,9.045
2016-02-01,9.024
2016-03-01,7.07
2016-04-01,5.373
2016-05-01,6.315
2016-06-01,6.666
2016-07-01,5.739
2016-08-01,7.609
2016-09-01,7.134
2016-10-01,6.759
2016-11-01,5.636
2016-12-01,8.263
2017-01-01,6.854
2017-02-01,5.54
2017-03-01,5.577
2017-04-01,6.472
2017-05-01,7.409
2017-06-01,5.278
2017-07-01,7.254
2017-08-01,8.271
2017-09-01,6.396
2017-10-01,7.365
2017-11-01,6.961
2017-12-01,6.044
2018-01-01,6.269
2018-02-01,5.322
2018-03-01,6.269
2018-04-01,7.589
2018-05-01,7.567
2018-06-01,7.471
2018-07-01,6.499
2018-08-01,7.498
2018-09-01,8.926
2018-10-01,7.631
2018-11-01,5.111
2018-12-01,4.778
2019-01-01,5.205
2019-02-01,7.226
2019-03-01,6.909
2019-04-01,4.124
2019-05-01,3.278
2019-06-01,4.744
2019-07-01,6.048
2019-08-01,7.562
2019-09-01,8.207
2019-10-01,5.393
2019-11-01,6.024
2019-12-01,6.721
2020-01-01,7.835
2020-02-01,8.179
2020-03-01,9.723
2020-04-01,5.411
2020-05-01,5.479
2020-06-01,3.804
2020-07-01,4.745
2020-08-01,4.716
2020-09-01,6.507
2020-10-01,6.063
2020-11-01,4.18
2020-12-01,7.479
2021-01-01,3.989
2021-02-01,3.644
2021-03-01,3.605
2021-04-01,3.887
2021-05-01,2.746
2021-06-01,2.895
2021-07-01,2.095
2021-08-01,3.371
2021-09-01,3.192
2021-10-01,3.178
2021-11-01,2.204
2021-12-01,2.313
2022-01-01,2.87
2022-02-01,2.791
2022-03-01,3.604
2022-04-01,2.384
2022-05-01,2.934
2022-06-01,3.541
2022-07-01,4.122
2022-08-01,3.985
2022-09-01,4.183
2022-10-01,4.715
2022-11-01,3.972
2022-12-01,4.348
2023-01-01,4.656
2023-02-01,4.799
2023-03-01,3.322
2023-04-01,3.153
2023-05-01,3.895
2023-06-01,3.632
2023-07-01,4.33
2023-08-01,2.407
2023-09-01,2.171
2023-10-01,2.913
2023-11-01,2.295
2023-12-01,3.444
2024-01-01,3.357
2024-02-01,4.579
2024-03-01,3.621
2024-04-01,3.166
2024-05-01,3.452
2024-06-01,4.062
2024-07-01,1.876
2024-08-01,3.546
2024-09-01,2.932
2024-10-01,3.071
2024-11-01,3.837
2024-12-01,4.557
