date,widget_sales_index
2018-01-01,92.0
2018-02-01,92.83
2018-03-01,96.93
2018-04-01,105.21
2018-05-01,113.54
2018-06-01,111.14
2018-07-01,106.89
2018-08-01,110.15
2018-09-01,116.31
2018-10-01,117.93
2018-11-01,128.73
2018-12-01,130.33
2019-01-01,99.87
2019-02-01,101.02
2019-03-01,99.17
2019-04-01,102.68
2019-05-01,110.24
2019-06-01,112.77
2019-07-01,115.8
2019-08-01,109.82
2019-09-01,113.52
2019-10-01,130.62
2019-11-01,136.8
2019-12-01,141.75
2020-01-01,106.66
2020-02-01,106.66
2020-03-01,115.58
2020-04-01,117.61
2020-05-01,126.03
2020-06-01,126.8
2020-07-01,125.05
2020-08-01,120.81
2020-09-01,137.04
2020-10-01,140.17
2020-11-01,143.35
2020-12-01,153.45
2021-01-01,118.22
2021-02-01,120.36
2021-03-01,118.84
2021-04-01,124.27
2021-05-01,134.04
2021-06-01,141.42
2021-07-01,138.81
2021-08-01,134.33
2021-09-01,139.89
2021-10-01,141.52
2021-11-01,151.31
2021-12-01,157.56
2022-01-01,135.04
2022-02-01,133.69
2022-03-01,131.02
2022-04-01,141.81
2022-05-01,144.79
2022-06-01,146.13
2022-07-01,148.52
2022-08-01,148.86
2022-09-01,156.7
2022-10-01,156.86
2022-11-01,165.15
2022-12-01,172.33
2023-01-01,146.69
2023-02-01,141.12
2023-03-01,146.37
2023-04-01,148.29
2023-05-01,150.2
2023-06-01,160.31
2023-07-01,163.23
2023-08-01,156.39
2023-09-01,166.07
2023-10-01,171.47
2023-11-01,175.71
2023-12-01,182.74
2024-01-01,159.16
2024-02-01,153.94
2024-03-01,164.56
2024-04-01,155.58
2024-05-01,167.26
2024-06-01,170.29
2024-07-01,166.67
2024-08-01,164.49
2024-09-01,163.4
2024-10-01,174.15
2024-11-01,186.86
2024-12-01,197.73
2025-01-01,163.0
2025-02-01,158.45
2025-03-01,164.16
2025-04-01,175.62
2025-05-01,179.36
2025-06-01,178.73
2025-07-01,179.36
2025-08-01,175.65
2025-09-01,185.75
2025-10-01,187.22
2025-11-01,195.41
2025-12-01,199.73
